<?xml version="1.0" encoding="UTF-8"?>
<!DOCTYPE plist PUBLIC "-//Apple//DTD PLIST 1.0//EN" "http://www.apple.com/DTDs/PropertyList-1.0.dtd">
<plist version="1.0">
<dict>
	<key>author</key>
	<string></string>
	<key>comments</key>
	<string></string>
	<key>isUsingConstrainedLayout</key>
	<true/>
	<key>keywords</key>
	<string></string>
	<key>mindMap</key>
	<dict>
		<key>associations</key>
		<array/>
		<key>color</key>
		<string>{0.956, 0.966, 0.956, 1.000}</string>
		<key>mainNodes</key>
		<array>
			<dict>
				<key>contentAlignment</key>
				<integer>1</integer>
				<key>fillColor</key>
				<string>{1.000, 1.000, 1.000, 1.000}</string>
				<key>isDecreasingBranchThickness</key>
				<true/>
				<key>isDrawingFill</key>
				<true/>
				<key>isLeftAligned</key>
				<false/>
				<key>location</key>
				<string>{0, 0}</string>
				<key>nodeID</key>
				<string>19114E56-C1F7-4192-B156-7A25E680DFBD</string>
				<key>strokeColor</key>
				<string>{0.965, 0.965, 0.965, 1.000}</string>
				<key>strokeStyle</key>
				<integer>0</integer>
				<key>strokeWidth</key>
				<real>2</real>
				<key>subnodes</key>
				<array>
					<dict>
						<key>contentAlignment</key>
						<integer>1</integer>
						<key>fillColor</key>
						<string>{1.000, 1.000, 1.000, 1.000}</string>
						<key>isDecreasingBranchThickness</key>
						<true/>
						<key>isDrawingFill</key>
						<false/>
						<key>isLeftAligned</key>
						<true/>
						<key>location</key>
						<string>{-252, -194}</string>
						<key>nodeID</key>
						<string>4F9E7773-410C-4F4C-A592-69331489E0E2</string>
						<key>strokeColor</key>
						<string>{0.136, 0.807, 0.880, 1.000}</string>
						<key>strokeStyle</key>
						<integer>0</integer>
						<key>strokeWidth</key>
						<real>6</real>
						<key>subnodes</key>
						<array>
							<dict>
								<key>contentAlignment</key>
								<integer>1</integer>
								<key>fillColor</key>
								<string>{1.000, 1.000, 1.000, 1.000}</string>
								<key>isDecreasingBranchThickness</key>
								<true/>
								<key>isDrawingFill</key>
								<false/>
								<key>isLeftAligned</key>
								<true/>
								<key>location</key>
								<string>{-438, -419.5}</string>
								<key>nodeID</key>
								<string>3F745416-C0A9-421E-92CF-5A59C4BA91F3</string>
								<key>strokeColor</key>
								<string>{0.136, 0.807, 0.880, 1.000}</string>
								<key>strokeStyle</key>
								<integer>0</integer>
								<key>strokeWidth</key>
								<real>5</real>
								<key>subnodes</key>
								<array>
									<dict>
										<key>contentAlignment</key>
										<integer>1</integer>
										<key>fillColor</key>
										<string>{1.000, 1.000, 1.000, 1.000}</string>
										<key>isDecreasingBranchThickness</key>
										<true/>
										<key>isDrawingFill</key>
										<false/>
										<key>isLeftAligned</key>
										<true/>
										<key>location</key>
										<string>{-550, -460.5}</string>
										<key>nodeID</key>
										<string>0BEA113C-A0C8-495A-8F15-85B7ACD257D6</string>
										<key>strokeColor</key>
										<string>{0.136, 0.807, 0.880, 1.000}</string>
										<key>strokeStyle</key>
										<integer>0</integer>
										<key>strokeWidth</key>
										<real>4</real>
										<key>subnodes</key>
										<array/>
										<key>title</key>
										<dict>
											<key>constrainedWidth</key>
											<integer>300</integer>
											<key>htmlText</key>
											<string>&lt;p style='color: rgba(91, 91, 91, 1.000000); font: 18px "PingFang SC"; -cocoa-font-postscriptname: "PingFangSC-Regular"; '&gt;遗传&lt;/p&gt;</string>
											<key>shrinkToFitContent</key>
											<integer>1</integer>
											<key>text</key>
											<string>{\rtf1\ansi\ansicpg936\cocoartf1404\cocoasubrtf110
{\fonttbl\f0\fnil\fcharset134 PingFangSC-Regular;}
{\colortbl;\red255\green255\blue255;\red91\green91\blue91;}
\pard\tx560\tx1120\tx1680\tx2240\tx2800\tx3360\tx3920\tx4480\tx5040\tx5600\tx6160\tx6720\pardirnatural\partightenfactor0

\f0\fs36 \cf2 \'d2\'c5\'b4\'ab}</string>
										</dict>
									</dict>
									<dict>
										<key>contentAlignment</key>
										<integer>1</integer>
										<key>fillColor</key>
										<string>{1.000, 1.000, 1.000, 1.000}</string>
										<key>isDecreasingBranchThickness</key>
										<true/>
										<key>isDrawingFill</key>
										<false/>
										<key>isLeftAligned</key>
										<true/>
										<key>location</key>
										<string>{-550, -419.5}</string>
										<key>nodeID</key>
										<string>442D3AEF-CB3B-4AE1-9E7F-177A40920B51</string>
										<key>strokeColor</key>
										<string>{0.136, 0.807, 0.880, 1.000}</string>
										<key>strokeStyle</key>
										<integer>0</integer>
										<key>strokeWidth</key>
										<real>4</real>
										<key>subnodes</key>
										<array/>
										<key>title</key>
										<dict>
											<key>constrainedWidth</key>
											<integer>300</integer>
											<key>htmlText</key>
											<string>&lt;p style='color: rgba(91, 91, 91, 1.000000); font: 18px "PingFang SC"; -cocoa-font-postscriptname: "PingFangSC-Regular"; '&gt;变异&lt;/p&gt;</string>
											<key>shrinkToFitContent</key>
											<integer>1</integer>
											<key>text</key>
											<string>{\rtf1\ansi\ansicpg936\cocoartf1404\cocoasubrtf110
{\fonttbl\f0\fnil\fcharset134 PingFangSC-Regular;}
{\colortbl;\red255\green255\blue255;\red91\green91\blue91;}
\pard\tx560\tx1120\tx1680\tx2240\tx2800\tx3360\tx3920\tx4480\tx5040\tx5600\tx6160\tx6720\pardirnatural\partightenfactor0

\f0\fs36 \cf2 \'b1\'e4\'d2\'ec}</string>
										</dict>
									</dict>
									<dict>
										<key>contentAlignment</key>
										<integer>1</integer>
										<key>fillColor</key>
										<string>{1.000, 1.000, 1.000, 1.000}</string>
										<key>isDecreasingBranchThickness</key>
										<true/>
										<key>isDrawingFill</key>
										<false/>
										<key>isLeftAligned</key>
										<true/>
										<key>location</key>
										<string>{-550, -378.5}</string>
										<key>nodeID</key>
										<string>C94A22D2-BA92-4795-8902-BB7A72C2ED5E</string>
										<key>strokeColor</key>
										<string>{0.136, 0.807, 0.880, 1.000}</string>
										<key>strokeStyle</key>
										<integer>0</integer>
										<key>strokeWidth</key>
										<real>4</real>
										<key>subnodes</key>
										<array/>
										<key>title</key>
										<dict>
											<key>constrainedWidth</key>
											<integer>300</integer>
											<key>htmlText</key>
											<string>&lt;p style='color: rgba(91, 91, 91, 1.000000); font: 18px "PingFang SC"; -cocoa-font-postscriptname: "PingFangSC-Regular"; '&gt;选择&lt;/p&gt;</string>
											<key>shrinkToFitContent</key>
											<integer>1</integer>
											<key>text</key>
											<string>{\rtf1\ansi\ansicpg936\cocoartf1404\cocoasubrtf110
{\fonttbl\f0\fnil\fcharset134 PingFangSC-Regular;}
{\colortbl;\red255\green255\blue255;\red91\green91\blue91;}
\pard\tx560\tx1120\tx1680\tx2240\tx2800\tx3360\tx3920\tx4480\tx5040\tx5600\tx6160\tx6720\pardirnatural\partightenfactor0

\f0\fs36 \cf2 \'d1\'a1\'d4\'f1}</string>
										</dict>
									</dict>
								</array>
								<key>title</key>
								<dict>
									<key>constrainedWidth</key>
									<integer>300</integer>
									<key>htmlText</key>
									<string>&lt;p style='color: rgba(91, 91, 91, 1.000000); font: 18px "PingFang SC"; -cocoa-font-postscriptname: "PingFangSC-Regular"; '&gt;复制子的特征 &lt;/p&gt;</string>
									<key>shrinkToFitContent</key>
									<integer>1</integer>
									<key>text</key>
									<string>{\rtf1\ansi\ansicpg936\cocoartf1404\cocoasubrtf110
{\fonttbl\f0\fnil\fcharset134 PingFangSC-Regular;}
{\colortbl;\red255\green255\blue255;\red91\green91\blue91;}
\pard\tx560\tx1120\tx1680\tx2240\tx2800\tx3360\tx3920\tx4480\tx5040\tx5600\tx6160\tx6720\pardirnatural\partightenfactor0

\f0\fs36 \cf2 \'b8\'b4\'d6\'c6\'d7\'d3\'b5\'c4\'cc\'d8\'d5\'f7 }</string>
								</dict>
							</dict>
							<dict>
								<key>contentAlignment</key>
								<integer>1</integer>
								<key>fillColor</key>
								<string>{1.000, 1.000, 1.000, 1.000}</string>
								<key>isDecreasingBranchThickness</key>
								<true/>
								<key>isDrawingFill</key>
								<false/>
								<key>isLeftAligned</key>
								<true/>
								<key>location</key>
								<string>{-504, -296.5}</string>
								<key>nodeID</key>
								<string>DE2B48DD-C1D0-4EE9-9294-0D5B60CB4E6B</string>
								<key>strokeColor</key>
								<string>{0.136, 0.807, 0.880, 1.000}</string>
								<key>strokeStyle</key>
								<integer>0</integer>
								<key>strokeWidth</key>
								<real>5</real>
								<key>subnodes</key>
								<array>
									<dict>
										<key>contentAlignment</key>
										<integer>1</integer>
										<key>fillColor</key>
										<string>{1.000, 1.000, 1.000, 1.000}</string>
										<key>isDecreasingBranchThickness</key>
										<true/>
										<key>isDrawingFill</key>
										<false/>
										<key>isLeftAligned</key>
										<true/>
										<key>location</key>
										<string>{-630, -337.5}</string>
										<key>nodeID</key>
										<string>A9C51AF8-D957-4D0C-AD21-11FFA215395E</string>
										<key>strokeColor</key>
										<string>{0.136, 0.807, 0.880, 1.000}</string>
										<key>strokeStyle</key>
										<integer>0</integer>
										<key>strokeWidth</key>
										<real>4</real>
										<key>subnodes</key>
										<array/>
										<key>title</key>
										<dict>
											<key>constrainedWidth</key>
											<integer>300</integer>
											<key>htmlText</key>
											<string>&lt;p style='color: rgba(91, 91, 91, 1.000000); font: 18px "PingFang SC"; -cocoa-font-postscriptname: "PingFangSC-Regular"; '&gt;保真性&lt;/p&gt;</string>
											<key>shrinkToFitContent</key>
											<integer>1</integer>
											<key>text</key>
											<string>{\rtf1\ansi\ansicpg936\cocoartf1404\cocoasubrtf110
{\fonttbl\f0\fnil\fcharset134 PingFangSC-Regular;}
{\colortbl;\red255\green255\blue255;\red91\green91\blue91;}
\pard\tx560\tx1120\tx1680\tx2240\tx2800\tx3360\tx3920\tx4480\tx5040\tx5600\tx6160\tx6720\pardirnatural\partightenfactor0

\f0\fs36 \cf2 \'b1\'a3\'d5\'e6\'d0\'d4}</string>
										</dict>
									</dict>
									<dict>
										<key>contentAlignment</key>
										<integer>1</integer>
										<key>fillColor</key>
										<string>{1.000, 1.000, 1.000, 1.000}</string>
										<key>isDecreasingBranchThickness</key>
										<true/>
										<key>isDrawingFill</key>
										<false/>
										<key>isLeftAligned</key>
										<true/>
										<key>location</key>
										<string>{-642, -296.5}</string>
										<key>nodeID</key>
										<string>8123794F-9AAE-4113-BB4E-EA592ADEE9DC</string>
										<key>strokeColor</key>
										<string>{0.136, 0.807, 0.880, 1.000}</string>
										<key>strokeStyle</key>
										<integer>0</integer>
										<key>strokeWidth</key>
										<real>4</real>
										<key>subnodes</key>
										<array/>
										<key>title</key>
										<dict>
											<key>constrainedWidth</key>
											<integer>300</integer>
											<key>htmlText</key>
											<string>&lt;p style='color: rgba(91, 91, 91, 1.000000); font: 18px "PingFang SC"; -cocoa-font-postscriptname: "PingFangSC-Regular"; '&gt;多产性  &lt;/p&gt;</string>
											<key>shrinkToFitContent</key>
											<integer>1</integer>
											<key>text</key>
											<string>{\rtf1\ansi\ansicpg936\cocoartf1404\cocoasubrtf110
{\fonttbl\f0\fnil\fcharset134 PingFangSC-Regular;}
{\colortbl;\red255\green255\blue255;\red91\green91\blue91;}
\pard\tx560\tx1120\tx1680\tx2240\tx2800\tx3360\tx3920\tx4480\tx5040\tx5600\tx6160\tx6720\pardirnatural\partightenfactor0

\f0\fs36 \cf2 \'b6\'e0\'b2\'fa\'d0\'d4  }</string>
										</dict>
									</dict>
									<dict>
										<key>contentAlignment</key>
										<integer>1</integer>
										<key>fillColor</key>
										<string>{1.000, 1.000, 1.000, 1.000}</string>
										<key>isDecreasingBranchThickness</key>
										<true/>
										<key>isDrawingFill</key>
										<false/>
										<key>isLeftAligned</key>
										<true/>
										<key>location</key>
										<string>{-642, -255.5}</string>
										<key>nodeID</key>
										<string>360BF732-BA33-43ED-A8C4-55AF590F98EC</string>
										<key>strokeColor</key>
										<string>{0.136, 0.807, 0.880, 1.000}</string>
										<key>strokeStyle</key>
										<integer>0</integer>
										<key>strokeWidth</key>
										<real>4</real>
										<key>subnodes</key>
										<array/>
										<key>title</key>
										<dict>
											<key>constrainedWidth</key>
											<integer>300</integer>
											<key>htmlText</key>
											<string>&lt;p style='color: rgba(91, 91, 91, 1.000000); font: 18px "PingFang SC"; -cocoa-font-postscriptname: "PingFangSC-Regular"; '&gt;长寿性  &lt;/p&gt;</string>
											<key>shrinkToFitContent</key>
											<integer>1</integer>
											<key>text</key>
											<string>{\rtf1\ansi\ansicpg936\cocoartf1404\cocoasubrtf110
{\fonttbl\f0\fnil\fcharset134 PingFangSC-Regular;}
{\colortbl;\red255\green255\blue255;\red91\green91\blue91;}
\pard\tx560\tx1120\tx1680\tx2240\tx2800\tx3360\tx3920\tx4480\tx5040\tx5600\tx6160\tx6720\pardirnatural\partightenfactor0

\f0\fs36 \cf2 \'b3\'a4\'ca\'d9\'d0\'d4  }</string>
										</dict>
									</dict>
								</array>
								<key>title</key>
								<dict>
									<key>constrainedWidth</key>
									<integer>300</integer>
									<key>htmlText</key>
									<string>&lt;p style='color: rgba(91, 91, 91, 1.000000); font: 18px "PingFang SC"; -cocoa-font-postscriptname: "PingFangSC-Regular"; '&gt;基因和模因传播三定律&lt;/p&gt;</string>
									<key>shrinkToFitContent</key>
									<integer>1</integer>
									<key>text</key>
									<string>{\rtf1\ansi\ansicpg936\cocoartf1404\cocoasubrtf110
{\fonttbl\f0\fnil\fcharset134 PingFangSC-Regular;}
{\colortbl;\red255\green255\blue255;\red91\green91\blue91;}
\pard\tx560\tx1120\tx1680\tx2240\tx2800\tx3360\tx3920\tx4480\tx5040\tx5600\tx6160\tx6720\pardirnatural\partightenfactor0

\f0\fs36 \cf2 \'bb\'f9\'d2\'f2\'ba\'cd\'c4\'a3\'d2\'f2\'b4\'ab\'b2\'a5\'c8\'fd\'b6\'a8\'c2\'c9}</string>
								</dict>
							</dict>
							<dict>
								<key>contentAlignment</key>
								<integer>1</integer>
								<key>fillColor</key>
								<string>{1.000, 1.000, 1.000, 1.000}</string>
								<key>isDecreasingBranchThickness</key>
								<true/>
								<key>isDrawingFill</key>
								<false/>
								<key>isLeftAligned</key>
								<true/>
								<key>location</key>
								<string>{-450, -153}</string>
								<key>nodeID</key>
								<string>AD3C591C-AA99-4309-9A54-D78CD3C62BCB</string>
								<key>strokeColor</key>
								<string>{0.136, 0.807, 0.880, 1.000}</string>
								<key>strokeStyle</key>
								<integer>0</integer>
								<key>strokeWidth</key>
								<real>5</real>
								<key>subnodes</key>
								<array>
									<dict>
										<key>contentAlignment</key>
										<integer>1</integer>
										<key>fillColor</key>
										<string>{1.000, 1.000, 1.000, 1.000}</string>
										<key>isDecreasingBranchThickness</key>
										<true/>
										<key>isDrawingFill</key>
										<false/>
										<key>isLeftAligned</key>
										<true/>
										<key>location</key>
										<string>{-684, -153}</string>
										<key>nodeID</key>
										<string>BA56B999-C235-4DCD-B74F-703CD3117447</string>
										<key>strokeColor</key>
										<string>{0.136, 0.807, 0.880, 1.000}</string>
										<key>strokeStyle</key>
										<integer>0</integer>
										<key>strokeWidth</key>
										<real>4</real>
										<key>subnodes</key>
										<array>
											<dict>
												<key>contentAlignment</key>
												<integer>1</integer>
												<key>fillColor</key>
												<string>{1.000, 1.000, 1.000, 1.000}</string>
												<key>isDecreasingBranchThickness</key>
												<true/>
												<key>isDrawingFill</key>
												<false/>
												<key>isLeftAligned</key>
												<true/>
												<key>location</key>
												<string>{-882, -214.5}</string>
												<key>nodeID</key>
												<string>92327395-CB79-414E-B788-0C9C991A4E54</string>
												<key>strokeColor</key>
												<string>{0.136, 0.807, 0.880, 1.000}</string>
												<key>strokeStyle</key>
												<integer>0</integer>
												<key>strokeWidth</key>
												<real>3</real>
												<key>subnodes</key>
												<array/>
												<key>title</key>
												<dict>
													<key>constrainedWidth</key>
													<integer>300</integer>
													<key>htmlText</key>
													<string>&lt;p style='color: rgba(91, 91, 91, 1.000000); font: 18px "PingFang SC"; -cocoa-font-postscriptname: "PingFangSC-Regular"; '&gt;回到知识的源头&lt;/p&gt;</string>
													<key>shrinkToFitContent</key>
													<integer>1</integer>
													<key>text</key>
													<string>{\rtf1\ansi\ansicpg936\cocoartf1404\cocoasubrtf110
{\fonttbl\f0\fnil\fcharset134 PingFangSC-Regular;}
{\colortbl;\red255\green255\blue255;\red91\green91\blue91;}
\pard\tx560\tx1120\tx1680\tx2240\tx2800\tx3360\tx3920\tx4480\tx5040\tx5600\tx6160\tx6720\pardirnatural\partightenfactor0

\f0\fs36 \cf2 \'bb\'d8\'b5\'bd\'d6\'aa\'ca\'b6\'b5\'c4\'d4\'b4\'cd\'b7}</string>
												</dict>
											</dict>
											<dict>
												<key>contentAlignment</key>
												<integer>1</integer>
												<key>fillColor</key>
												<string>{1.000, 1.000, 1.000, 1.000}</string>
												<key>isDecreasingBranchThickness</key>
												<true/>
												<key>isDrawingFill</key>
												<false/>
												<key>isLeftAligned</key>
												<true/>
												<key>location</key>
												<string>{-864, -173.5}</string>
												<key>nodeID</key>
												<string>53812D48-2D78-4F39-A887-F44D0C716603</string>
												<key>strokeColor</key>
												<string>{0.136, 0.807, 0.880, 1.000}</string>
												<key>strokeStyle</key>
												<integer>0</integer>
												<key>strokeWidth</key>
												<real>3</real>
												<key>subnodes</key>
												<array/>
												<key>title</key>
												<dict>
													<key>constrainedWidth</key>
													<integer>300</integer>
													<key>htmlText</key>
													<string>&lt;p style='color: rgba(91, 91, 91, 1.000000); font: 18px "PingFang SC"; -cocoa-font-postscriptname: "PingFangSC-Regular"; '&gt;核心话语体系&lt;/p&gt;</string>
													<key>shrinkToFitContent</key>
													<integer>1</integer>
													<key>text</key>
													<string>{\rtf1\ansi\ansicpg936\cocoartf1404\cocoasubrtf110
{\fonttbl\f0\fnil\fcharset134 PingFangSC-Regular;}
{\colortbl;\red255\green255\blue255;\red91\green91\blue91;}
\pard\tx560\tx1120\tx1680\tx2240\tx2800\tx3360\tx3920\tx4480\tx5040\tx5600\tx6160\tx6720\pardirnatural\partightenfactor0

\f0\fs36 \cf2 \'ba\'cb\'d0\'c4\'bb\'b0\'d3\'ef\'cc\'e5\'cf\'b5}</string>
												</dict>
											</dict>
											<dict>
												<key>contentAlignment</key>
												<integer>1</integer>
												<key>fillColor</key>
												<string>{1.000, 1.000, 1.000, 1.000}</string>
												<key>isDecreasingBranchThickness</key>
												<true/>
												<key>isDrawingFill</key>
												<false/>
												<key>isLeftAligned</key>
												<true/>
												<key>location</key>
												<string>{-864, -132.5}</string>
												<key>nodeID</key>
												<string>93B8C9AE-0472-42E8-81C4-27EF4DF25E2B</string>
												<key>strokeColor</key>
												<string>{0.136, 0.807, 0.880, 1.000}</string>
												<key>strokeStyle</key>
												<integer>0</integer>
												<key>strokeWidth</key>
												<real>3</real>
												<key>subnodes</key>
												<array/>
												<key>title</key>
												<dict>
													<key>constrainedWidth</key>
													<integer>300</integer>
													<key>htmlText</key>
													<string>&lt;p style='color: rgba(91, 91, 91, 1.000000); font: 18px "PingFang SC"; -cocoa-font-postscriptname: "PingFangSC-Regular"; '&gt;二级推演体系&lt;/p&gt;</string>
													<key>shrinkToFitContent</key>
													<integer>1</integer>
													<key>text</key>
													<string>{\rtf1\ansi\ansicpg936\cocoartf1404\cocoasubrtf110
{\fonttbl\f0\fnil\fcharset134 PingFangSC-Regular;}
{\colortbl;\red255\green255\blue255;\red91\green91\blue91;}
\pard\tx560\tx1120\tx1680\tx2240\tx2800\tx3360\tx3920\tx4480\tx5040\tx5600\tx6160\tx6720\pardirnatural\partightenfactor0

\f0\fs36 \cf2 \'b6\'fe\'bc\'b6\'cd\'c6\'d1\'dd\'cc\'e5\'cf\'b5}</string>
												</dict>
											</dict>
											<dict>
												<key>contentAlignment</key>
												<integer>1</integer>
												<key>fillColor</key>
												<string>{1.000, 1.000, 1.000, 1.000}</string>
												<key>isDecreasingBranchThickness</key>
												<true/>
												<key>isDrawingFill</key>
												<false/>
												<key>isLeftAligned</key>
												<true/>
												<key>location</key>
												<string>{-894, -91.5}</string>
												<key>nodeID</key>
												<string>64E771E3-A408-48C8-A449-9DCA8E21C85B</string>
												<key>strokeColor</key>
												<string>{0.136, 0.807, 0.880, 1.000}</string>
												<key>strokeStyle</key>
												<integer>0</integer>
												<key>strokeWidth</key>
												<real>3</real>
												<key>subnodes</key>
												<array/>
												<key>title</key>
												<dict>
													<key>constrainedWidth</key>
													<integer>300</integer>
													<key>htmlText</key>
													<string>&lt;p style='color: rgba(91, 91, 91, 1.000000); font: 18px "PingFang SC"; -cocoa-font-postscriptname: "PingFangSC-Regular"; '&gt;避免知识的诅咒  &lt;/p&gt;</string>
													<key>shrinkToFitContent</key>
													<integer>1</integer>
													<key>text</key>
													<string>{\rtf1\ansi\ansicpg936\cocoartf1404\cocoasubrtf110
{\fonttbl\f0\fnil\fcharset134 PingFangSC-Regular;}
{\colortbl;\red255\green255\blue255;\red91\green91\blue91;}
\pard\tx560\tx1120\tx1680\tx2240\tx2800\tx3360\tx3920\tx4480\tx5040\tx5600\tx6160\tx6720\pardirnatural\partightenfactor0

\f0\fs36 \cf2 \'b1\'dc\'c3\'e2\'d6\'aa\'ca\'b6\'b5\'c4\'d7\'e7\'d6\'e4  }</string>
												</dict>
											</dict>
										</array>
										<key>title</key>
										<dict>
											<key>constrainedWidth</key>
											<integer>300</integer>
											<key>htmlText</key>
											<string>&lt;p style='color: rgba(91, 91, 91, 1.000000); font: 18px "PingFang SC"; -cocoa-font-postscriptname: "PingFangSC-Regular"; '&gt;如何学习任一学科？&lt;/p&gt;</string>
											<key>shrinkToFitContent</key>
											<integer>1</integer>
											<key>text</key>
											<string>{\rtf1\ansi\ansicpg936\cocoartf1404\cocoasubrtf110
{\fonttbl\f0\fnil\fcharset134 PingFangSC-Regular;}
{\colortbl;\red255\green255\blue255;\red91\green91\blue91;}
\pard\tx560\tx1120\tx1680\tx2240\tx2800\tx3360\tx3920\tx4480\tx5040\tx5600\tx6160\tx6720\pardirnatural\partightenfactor0

\f0\fs36 \cf2 \'c8\'e7\'ba\'ce\'d1\'a7\'cf\'b0\'c8\'ce\'d2\'bb\'d1\'a7\'bf\'c6\'a3\'bf}</string>
										</dict>
									</dict>
								</array>
								<key>title</key>
								<dict>
									<key>constrainedWidth</key>
									<integer>300</integer>
									<key>htmlText</key>
									<string>&lt;p style='color: rgba(91, 91, 91, 1.000000); font: 18px "PingFang SC"; -cocoa-font-postscriptname: "PingFangSC-Regular"; '&gt;最小知识法则   &lt;/p&gt;</string>
									<key>shrinkToFitContent</key>
									<integer>1</integer>
									<key>text</key>
									<string>{\rtf1\ansi\ansicpg936\cocoartf1404\cocoasubrtf110
{\fonttbl\f0\fnil\fcharset134 PingFangSC-Regular;}
{\colortbl;\red255\green255\blue255;\red91\green91\blue91;}
\pard\tx560\tx1120\tx1680\tx2240\tx2800\tx3360\tx3920\tx4480\tx5040\tx5600\tx6160\tx6720\pardirnatural\partightenfactor0

\f0\fs36 \cf2 \'d7\'ee\'d0\'a1\'d6\'aa\'ca\'b6\'b7\'a8\'d4\'f2   }</string>
								</dict>
							</dict>
							<dict>
								<key>contentAlignment</key>
								<integer>1</integer>
								<key>fillColor</key>
								<string>{1.000, 1.000, 1.000, 1.000}</string>
								<key>isDecreasingBranchThickness</key>
								<true/>
								<key>isDrawingFill</key>
								<false/>
								<key>isLeftAligned</key>
								<true/>
								<key>location</key>
								<string>{-396, -50.5}</string>
								<key>nodeID</key>
								<string>8B0A950B-BB12-4A34-BCA7-A800A21D3E4C</string>
								<key>strokeColor</key>
								<string>{0.136, 0.807, 0.880, 1.000}</string>
								<key>strokeStyle</key>
								<integer>0</integer>
								<key>strokeWidth</key>
								<real>5</real>
								<key>subnodes</key>
								<array/>
								<key>title</key>
								<dict>
									<key>constrainedWidth</key>
									<integer>300</integer>
									<key>htmlText</key>
									<string>&lt;p style='color: rgba(91, 91, 91, 1.000000); font: 18px "PingFang SC"; -cocoa-font-postscriptname: "PingFangSC-Regular"; '&gt;最小模型&lt;/p&gt;</string>
									<key>shrinkToFitContent</key>
									<integer>1</integer>
									<key>text</key>
									<string>{\rtf1\ansi\ansicpg936\cocoartf1404\cocoasubrtf110
{\fonttbl\f0\fnil\fcharset134 PingFangSC-Regular;}
{\colortbl;\red255\green255\blue255;\red91\green91\blue91;}
\pard\tx560\tx1120\tx1680\tx2240\tx2800\tx3360\tx3920\tx4480\tx5040\tx5600\tx6160\tx6720\pardirnatural\partightenfactor0

\f0\fs36 \cf2 \'d7\'ee\'d0\'a1\'c4\'a3\'d0\'cd}</string>
								</dict>
							</dict>
							<dict>
								<key>contentAlignment</key>
								<integer>1</integer>
								<key>fillColor</key>
								<string>{1.000, 1.000, 1.000, 1.000}</string>
								<key>isDecreasingBranchThickness</key>
								<true/>
								<key>isDrawingFill</key>
								<false/>
								<key>isLeftAligned</key>
								<true/>
								<key>location</key>
								<string>{-396, -9.5}</string>
								<key>nodeID</key>
								<string>27F6CAEE-9B9D-42CA-93B6-AFB34E6AA4D0</string>
								<key>strokeColor</key>
								<string>{0.136, 0.807, 0.880, 1.000}</string>
								<key>strokeStyle</key>
								<integer>0</integer>
								<key>strokeWidth</key>
								<real>5</real>
								<key>subnodes</key>
								<array>
									<dict>
										<key>contentAlignment</key>
										<integer>1</integer>
										<key>fillColor</key>
										<string>{1.000, 1.000, 1.000, 1.000}</string>
										<key>isDecreasingBranchThickness</key>
										<true/>
										<key>isDrawingFill</key>
										<false/>
										<key>isLeftAligned</key>
										<true/>
										<key>location</key>
										<string>{-594, -9.5}</string>
										<key>nodeID</key>
										<string>F8D204F1-8A37-4A49-8FE2-01D392559E81</string>
										<key>strokeColor</key>
										<string>{0.136, 0.807, 0.880, 1.000}</string>
										<key>strokeStyle</key>
										<integer>0</integer>
										<key>strokeWidth</key>
										<real>4</real>
										<key>subnodes</key>
										<array/>
										<key>title</key>
										<dict>
											<key>constrainedWidth</key>
											<integer>300</integer>
											<key>htmlText</key>
											<string>&lt;p style='color: rgba(91, 91, 91, 1.000000); font: 18px "PingFang SC"; -cocoa-font-postscriptname: "PingFangSC-Regular"; '&gt;故事与模型区别&lt;/p&gt;</string>
											<key>shrinkToFitContent</key>
											<integer>1</integer>
											<key>text</key>
											<string>{\rtf1\ansi\ansicpg936\cocoartf1404\cocoasubrtf110
{\fonttbl\f0\fnil\fcharset134 PingFangSC-Regular;}
{\colortbl;\red255\green255\blue255;\red91\green91\blue91;}
\pard\tx560\tx1120\tx1680\tx2240\tx2800\tx3360\tx3920\tx4480\tx5040\tx5600\tx6160\tx6720\pardirnatural\partightenfactor0

\f0\fs36 \cf2 \'b9\'ca\'ca\'c2\'d3\'eb\'c4\'a3\'d0\'cd\'c7\'f8\'b1\'f0}</string>
										</dict>
									</dict>
								</array>
								<key>title</key>
								<dict>
									<key>constrainedWidth</key>
									<integer>300</integer>
									<key>htmlText</key>
									<string>&lt;p style='color: rgba(91, 91, 91, 1.000000); font: 18px "PingFang SC"; -cocoa-font-postscriptname: "PingFangSC-Regular"; '&gt;最小故事&lt;/p&gt;</string>
									<key>shrinkToFitContent</key>
									<integer>1</integer>
									<key>text</key>
									<string>{\rtf1\ansi\ansicpg936\cocoartf1404\cocoasubrtf110
{\fonttbl\f0\fnil\fcharset134 PingFangSC-Regular;}
{\colortbl;\red255\green255\blue255;\red91\green91\blue91;}
\pard\tx560\tx1120\tx1680\tx2240\tx2800\tx3360\tx3920\tx4480\tx5040\tx5600\tx6160\tx6720\pardirnatural\partightenfactor0

\f0\fs36 \cf2 \'d7\'ee\'d0\'a1\'b9\'ca\'ca\'c2}</string>
								</dict>
							</dict>
							<dict>
								<key>contentAlignment</key>
								<integer>1</integer>
								<key>fillColor</key>
								<string>{1.000, 1.000, 1.000, 1.000}</string>
								<key>isDecreasingBranchThickness</key>
								<true/>
								<key>isDrawingFill</key>
								<false/>
								<key>isLeftAligned</key>
								<true/>
								<key>location</key>
								<string>{-396, 52}</string>
								<key>nodeID</key>
								<string>AF596429-0E94-4222-8CDF-4CF2F4CCD762</string>
								<key>strokeColor</key>
								<string>{0.136, 0.807, 0.880, 1.000}</string>
								<key>strokeStyle</key>
								<integer>0</integer>
								<key>strokeWidth</key>
								<real>5</real>
								<key>subnodes</key>
								<array>
									<dict>
										<key>contentAlignment</key>
										<integer>1</integer>
										<key>fillColor</key>
										<string>{1.000, 1.000, 1.000, 1.000}</string>
										<key>isDecreasingBranchThickness</key>
										<true/>
										<key>isDrawingFill</key>
										<false/>
										<key>isLeftAligned</key>
										<true/>
										<key>location</key>
										<string>{-558, 31.5}</string>
										<key>nodeID</key>
										<string>944697F9-7DEA-4F2C-B245-199F93767051</string>
										<key>strokeColor</key>
										<string>{0.136, 0.807, 0.880, 1.000}</string>
										<key>strokeStyle</key>
										<integer>0</integer>
										<key>strokeWidth</key>
										<real>4</real>
										<key>subnodes</key>
										<array/>
										<key>title</key>
										<dict>
											<key>constrainedWidth</key>
											<integer>300</integer>
											<key>htmlText</key>
											<string>&lt;p style='color: rgba(91, 91, 91, 1.000000); font: 18px "PingFang SC"; -cocoa-font-postscriptname: "PingFangSC-Regular"; '&gt;第一序改变&lt;/p&gt;</string>
											<key>shrinkToFitContent</key>
											<integer>1</integer>
											<key>text</key>
											<string>{\rtf1\ansi\ansicpg936\cocoartf1404\cocoasubrtf110
{\fonttbl\f0\fnil\fcharset134 PingFangSC-Regular;}
{\colortbl;\red255\green255\blue255;\red91\green91\blue91;}
\pard\tx560\tx1120\tx1680\tx2240\tx2800\tx3360\tx3920\tx4480\tx5040\tx5600\tx6160\tx6720\pardirnatural\partightenfactor0

\f0\fs36 \cf2 \'b5\'da\'d2\'bb\'d0\'f2\'b8\'c4\'b1\'e4}</string>
										</dict>
									</dict>
									<dict>
										<key>contentAlignment</key>
										<integer>1</integer>
										<key>fillColor</key>
										<string>{1.000, 1.000, 1.000, 1.000}</string>
										<key>isDecreasingBranchThickness</key>
										<true/>
										<key>isDrawingFill</key>
										<false/>
										<key>isLeftAligned</key>
										<true/>
										<key>location</key>
										<string>{-558, 72.5}</string>
										<key>nodeID</key>
										<string>8F080287-98BF-4883-A70D-55C933BC44B1</string>
										<key>strokeColor</key>
										<string>{0.136, 0.807, 0.880, 1.000}</string>
										<key>strokeStyle</key>
										<integer>0</integer>
										<key>strokeWidth</key>
										<real>4</real>
										<key>subnodes</key>
										<array/>
										<key>title</key>
										<dict>
											<key>constrainedWidth</key>
											<integer>300</integer>
											<key>htmlText</key>
											<string>&lt;p style='color: rgba(91, 91, 91, 1.000000); font: 18px "PingFang SC"; -cocoa-font-postscriptname: "PingFangSC-Regular"; '&gt;第二序改变&lt;/p&gt;</string>
											<key>shrinkToFitContent</key>
											<integer>1</integer>
											<key>text</key>
											<string>{\rtf1\ansi\ansicpg936\cocoartf1404\cocoasubrtf110
{\fonttbl\f0\fnil\fcharset134 PingFangSC-Regular;}
{\colortbl;\red255\green255\blue255;\red91\green91\blue91;}
\pard\tx560\tx1120\tx1680\tx2240\tx2800\tx3360\tx3920\tx4480\tx5040\tx5600\tx6160\tx6720\pardirnatural\partightenfactor0

\f0\fs36 \cf2 \'b5\'da\'b6\'fe\'d0\'f2\'b8\'c4\'b1\'e4}</string>
										</dict>
									</dict>
								</array>
								<key>title</key>
								<dict>
									<key>constrainedWidth</key>
									<integer>300</integer>
									<key>htmlText</key>
									<string>&lt;p style='color: rgba(91, 91, 91, 1.000000); font: 18px "PingFang SC"; -cocoa-font-postscriptname: "PingFangSC-Regular"; '&gt;最小行动&lt;/p&gt;</string>
									<key>shrinkToFitContent</key>
									<integer>1</integer>
									<key>text</key>
									<string>{\rtf1\ansi\ansicpg936\cocoartf1404\cocoasubrtf110
{\fonttbl\f0\fnil\fcharset134 PingFangSC-Regular;}
{\colortbl;\red255\green255\blue255;\red91\green91\blue91;}
\pard\tx560\tx1120\tx1680\tx2240\tx2800\tx3360\tx3920\tx4480\tx5040\tx5600\tx6160\tx6720\pardirnatural\partightenfactor0

\f0\fs36 \cf2 \'d7\'ee\'d0\'a1\'d0\'d0\'b6\'af}</string>
								</dict>
							</dict>
						</array>
						<key>title</key>
						<dict>
							<key>constrainedWidth</key>
							<integer>300</integer>
							<key>htmlText</key>
							<string>&lt;p style='color: rgba(91, 91, 91, 1.000000); font: 18px "PingFang SC"; -cocoa-font-postscriptname: "PingFangSC-Regular"; '&gt;第四节：最小知识法则&lt;/p&gt;</string>
							<key>shrinkToFitContent</key>
							<integer>1</integer>
							<key>text</key>
							<string>{\rtf1\ansi\ansicpg936\cocoartf1404\cocoasubrtf110
{\fonttbl\f0\fnil\fcharset134 PingFangSC-Regular;}
{\colortbl;\red255\green255\blue255;\red91\green91\blue91;}
\pard\tx560\tx1120\tx1680\tx2240\tx2800\tx3360\tx3920\tx4480\tx5040\tx5600\tx6160\tx6720\pardirnatural\partightenfactor0

\f0\fs36 \cf2 \'b5\'da\'cb\'c4\'bd\'da\'a3\'ba\'d7\'ee\'d0\'a1\'d6\'aa\'ca\'b6\'b7\'a8\'d4\'f2}</string>
						</dict>
					</dict>
					<dict>
						<key>contentAlignment</key>
						<integer>1</integer>
						<key>fillColor</key>
						<string>{1.000, 1.000, 1.000, 1.000}</string>
						<key>isDecreasingBranchThickness</key>
						<true/>
						<key>isDrawingFill</key>
						<false/>
						<key>isLeftAligned</key>
						<false/>
						<key>location</key>
						<string>{258, -173.5}</string>
						<key>nodeID</key>
						<string>921560DE-3978-46DB-81DD-3570A05A356A</string>
						<key>strokeColor</key>
						<string>{0.689, 0.215, 0.952, 1.000}</string>
						<key>strokeStyle</key>
						<integer>0</integer>
						<key>strokeWidth</key>
						<real>6</real>
						<key>subnodes</key>
						<array>
							<dict>
								<key>contentAlignment</key>
								<integer>1</integer>
								<key>fillColor</key>
								<string>{1.000, 1.000, 1.000, 1.000}</string>
								<key>isDecreasingBranchThickness</key>
								<true/>
								<key>isDrawingFill</key>
								<false/>
								<key>isLeftAligned</key>
								<false/>
								<key>location</key>
								<string>{474, -194}</string>
								<key>nodeID</key>
								<string>CB5E604F-A5EC-43DD-B527-6530F03BDD28</string>
								<key>strokeColor</key>
								<string>{0.689, 0.215, 0.952, 1.000}</string>
								<key>strokeStyle</key>
								<integer>0</integer>
								<key>strokeWidth</key>
								<real>5</real>
								<key>subnodes</key>
								<array>
									<dict>
										<key>contentAlignment</key>
										<integer>1</integer>
										<key>fillColor</key>
										<string>{1.000, 1.000, 1.000, 1.000}</string>
										<key>isDecreasingBranchThickness</key>
										<true/>
										<key>isDrawingFill</key>
										<false/>
										<key>isLeftAligned</key>
										<false/>
										<key>location</key>
										<string>{672, -272.5}</string>
										<key>nodeID</key>
										<string>87822F9C-8138-47B5-B960-B883A8F28ABE</string>
										<key>strokeColor</key>
										<string>{0.689, 0.215, 0.952, 1.000}</string>
										<key>strokeStyle</key>
										<integer>0</integer>
										<key>strokeWidth</key>
										<real>4</real>
										<key>subnodes</key>
										<array/>
										<key>title</key>
										<dict>
											<key>constrainedWidth</key>
											<integer>300</integer>
											<key>htmlText</key>
											<string>&lt;p style='color: rgba(91, 91, 91, 1.000000); font: 18px "PingFang SC"; -cocoa-font-postscriptname: "PingFangSC-Regular"; '&gt;认知控制网络（Cognive control netwok）&lt;/p&gt;</string>
											<key>shrinkToFitContent</key>
											<integer>1</integer>
											<key>text</key>
											<string>{\rtf1\ansi\ansicpg936\cocoartf1404\cocoasubrtf110
{\fonttbl\f0\fnil\fcharset134 PingFangSC-Regular;}
{\colortbl;\red255\green255\blue255;\red91\green91\blue91;}
\pard\tx560\tx1120\tx1680\tx2240\tx2800\tx3360\tx3920\tx4480\tx5040\tx5600\tx6160\tx6720\pardirnatural\partightenfactor0

\f0\fs36 \cf2 \'c8\'cf\'d6\'aa\'bf\'d8\'d6\'c6\'cd\'f8\'c2\'e7\'a3\'a8Cognive control netwok\'a3\'a9}</string>
										</dict>
									</dict>
									<dict>
										<key>contentAlignment</key>
										<integer>1</integer>
										<key>fillColor</key>
										<string>{1.000, 1.000, 1.000, 1.000}</string>
										<key>isDecreasingBranchThickness</key>
										<true/>
										<key>isDrawingFill</key>
										<false/>
										<key>isLeftAligned</key>
										<false/>
										<key>location</key>
										<string>{672, -206.5}</string>
										<key>nodeID</key>
										<string>97517358-C1E5-4875-AA62-F47DBC25F733</string>
										<key>strokeColor</key>
										<string>{0.689, 0.215, 0.952, 1.000}</string>
										<key>strokeStyle</key>
										<integer>0</integer>
										<key>strokeWidth</key>
										<real>4</real>
										<key>subnodes</key>
										<array/>
										<key>title</key>
										<dict>
											<key>constrainedWidth</key>
											<integer>300</integer>
											<key>htmlText</key>
											<string>&lt;p style='color: rgba(91, 91, 91, 1.000000); font: 18px "PingFang SC"; -cocoa-font-postscriptname: "PingFangSC-Regular"; '&gt;感官-运动网络（Sensory-motro networks）&lt;/p&gt;</string>
											<key>shrinkToFitContent</key>
											<integer>1</integer>
											<key>text</key>
											<string>{\rtf1\ansi\ansicpg936\cocoartf1404\cocoasubrtf110
{\fonttbl\f0\fnil\fcharset134 PingFangSC-Regular;}
{\colortbl;\red255\green255\blue255;\red91\green91\blue91;}
\pard\tx560\tx1120\tx1680\tx2240\tx2800\tx3360\tx3920\tx4480\tx5040\tx5600\tx6160\tx6720\pardirnatural\partightenfactor0

\f0\fs36 \cf2 \'b8\'d0\'b9\'d9-\'d4\'cb\'b6\'af\'cd\'f8\'c2\'e7\'a3\'a8Sensory-motro networks\'a3\'a9}</string>
										</dict>
									</dict>
									<dict>
										<key>contentAlignment</key>
										<integer>1</integer>
										<key>fillColor</key>
										<string>{1.000, 1.000, 1.000, 1.000}</string>
										<key>isDecreasingBranchThickness</key>
										<true/>
										<key>isDrawingFill</key>
										<false/>
										<key>isLeftAligned</key>
										<false/>
										<key>location</key>
										<string>{672, -140.5}</string>
										<key>nodeID</key>
										<string>FEE0F8EF-A58E-4D50-923B-E32BD6BE9879</string>
										<key>strokeColor</key>
										<string>{0.689, 0.215, 0.952, 1.000}</string>
										<key>strokeStyle</key>
										<integer>0</integer>
										<key>strokeWidth</key>
										<real>4</real>
										<key>subnodes</key>
										<array/>
										<key>title</key>
										<dict>
											<key>constrainedWidth</key>
											<integer>300</integer>
											<key>htmlText</key>
											<string>&lt;p style='color: rgba(91, 91, 91, 1.000000); font: 18px "PingFang SC"; -cocoa-font-postscriptname: "PingFangSC-Regular"; '&gt;大脑默认模式网络（Default-mode network）&lt;/p&gt;</string>
											<key>shrinkToFitContent</key>
											<integer>1</integer>
											<key>text</key>
											<string>{\rtf1\ansi\ansicpg936\cocoartf1404\cocoasubrtf110
{\fonttbl\f0\fnil\fcharset134 PingFangSC-Regular;}
{\colortbl;\red255\green255\blue255;\red91\green91\blue91;}
\pard\tx560\tx1120\tx1680\tx2240\tx2800\tx3360\tx3920\tx4480\tx5040\tx5600\tx6160\tx6720\pardirnatural\partightenfactor0

\f0\fs36 \cf2 \'b4\'f3\'c4\'d4\'c4\'ac\'c8\'cf\'c4\'a3\'ca\'bd\'cd\'f8\'c2\'e7\'a3\'a8Default-mode network\'a3\'a9}</string>
										</dict>
									</dict>
								</array>
								<key>title</key>
								<dict>
									<key>constrainedWidth</key>
									<integer>300</integer>
									<key>htmlText</key>
									<string>&lt;p style='color: rgba(91, 91, 91, 1.000000); font: 18px "PingFang SC"; -cocoa-font-postscriptname: "PingFangSC-Regular"; '&gt;写作动用的脑区&lt;/p&gt;</string>
									<key>shrinkToFitContent</key>
									<integer>1</integer>
									<key>text</key>
									<string>{\rtf1\ansi\ansicpg936\cocoartf1404\cocoasubrtf110
{\fonttbl\f0\fnil\fcharset134 PingFangSC-Regular;}
{\colortbl;\red255\green255\blue255;\red91\green91\blue91;}
\pard\tx560\tx1120\tx1680\tx2240\tx2800\tx3360\tx3920\tx4480\tx5040\tx5600\tx6160\tx6720\pardirnatural\partightenfactor0

\f0\fs36 \cf2 \'d0\'b4\'d7\'f7\'b6\'af\'d3\'c3\'b5\'c4\'c4\'d4\'c7\'f8}</string>
								</dict>
							</dict>
							<dict>
								<key>contentAlignment</key>
								<integer>1</integer>
								<key>fillColor</key>
								<string>{1.000, 1.000, 1.000, 1.000}</string>
								<key>isDecreasingBranchThickness</key>
								<true/>
								<key>isDrawingFill</key>
								<false/>
								<key>isLeftAligned</key>
								<false/>
								<key>location</key>
								<string>{474, -74.5}</string>
								<key>nodeID</key>
								<string>23080444-AE01-4977-83DB-B5C284B06B7C</string>
								<key>strokeColor</key>
								<string>{0.689, 0.215, 0.952, 1.000}</string>
								<key>strokeStyle</key>
								<integer>0</integer>
								<key>strokeWidth</key>
								<real>5</real>
								<key>subnodes</key>
								<array/>
								<key>title</key>
								<dict>
									<key>constrainedWidth</key>
									<integer>300</integer>
									<key>htmlText</key>
									<string>&lt;p style='color: rgba(91, 91, 91, 1.000000); font: 18px "PingFang SC"; -cocoa-font-postscriptname: "PingFangSC-Regular"; '&gt;刻意练习&lt;/p&gt;</string>
									<key>shrinkToFitContent</key>
									<integer>1</integer>
									<key>text</key>
									<string>{\rtf1\ansi\ansicpg936\cocoartf1404\cocoasubrtf110
{\fonttbl\f0\fnil\fcharset134 PingFangSC-Regular;}
{\colortbl;\red255\green255\blue255;\red91\green91\blue91;}
\pard\tx560\tx1120\tx1680\tx2240\tx2800\tx3360\tx3920\tx4480\tx5040\tx5600\tx6160\tx6720\pardirnatural\partightenfactor0

\f0\fs36 \cf2 \'bf\'cc\'d2\'e2\'c1\'b7\'cf\'b0}</string>
								</dict>
							</dict>
						</array>
						<key>title</key>
						<dict>
							<key>constrainedWidth</key>
							<integer>300</integer>
							<key>htmlText</key>
							<string>&lt;p style='color: rgba(91, 91, 91, 1.000000); font: 18px "PingFang SC"; -cocoa-font-postscriptname: "PingFangSC-Regular"; '&gt;第一节：写作之难&lt;/p&gt;</string>
							<key>shrinkToFitContent</key>
							<integer>1</integer>
							<key>text</key>
							<string>{\rtf1\ansi\ansicpg936\cocoartf1404\cocoasubrtf110
{\fonttbl\f0\fnil\fcharset134 PingFangSC-Regular;}
{\colortbl;\red255\green255\blue255;\red91\green91\blue91;}
\pard\tx560\tx1120\tx1680\tx2240\tx2800\tx3360\tx3920\tx4480\tx5040\tx5600\tx6160\tx6720\pardirnatural\partightenfactor0

\f0\fs36 \cf2 \'b5\'da\'d2\'bb\'bd\'da\'a3\'ba\'d0\'b4\'d7\'f7\'d6\'ae\'c4\'d1}</string>
						</dict>
					</dict>
					<dict>
						<key>contentAlignment</key>
						<integer>1</integer>
						<key>fillColor</key>
						<string>{1.000, 1.000, 1.000, 1.000}</string>
						<key>isDecreasingBranchThickness</key>
						<true/>
						<key>isDrawingFill</key>
						<false/>
						<key>isLeftAligned</key>
						<true/>
						<key>location</key>
						<string>{-282, 298}</string>
						<key>nodeID</key>
						<string>CB79747B-FF90-48A8-AE1B-3FADE698CF31</string>
						<key>strokeColor</key>
						<string>{1.000, 0.742, 0.041, 1.000}</string>
						<key>strokeStyle</key>
						<integer>0</integer>
						<key>strokeWidth</key>
						<real>6</real>
						<key>subnodes</key>
						<array>
							<dict>
								<key>contentAlignment</key>
								<integer>1</integer>
								<key>fillColor</key>
								<string>{1.000, 1.000, 1.000, 1.000}</string>
								<key>isDecreasingBranchThickness</key>
								<true/>
								<key>isDrawingFill</key>
								<false/>
								<key>isLeftAligned</key>
								<true/>
								<key>location</key>
								<string>{-516, 134}</string>
								<key>nodeID</key>
								<string>C4420FF2-2620-4876-809A-063C1B716544</string>
								<key>strokeColor</key>
								<string>{1.000, 0.742, 0.041, 1.000}</string>
								<key>strokeStyle</key>
								<integer>0</integer>
								<key>strokeWidth</key>
								<real>5</real>
								<key>subnodes</key>
								<array>
									<dict>
										<key>contentAlignment</key>
										<integer>1</integer>
										<key>fillColor</key>
										<string>{1.000, 1.000, 1.000, 1.000}</string>
										<key>isDecreasingBranchThickness</key>
										<true/>
										<key>isDrawingFill</key>
										<false/>
										<key>isLeftAligned</key>
										<true/>
										<key>location</key>
										<string>{-642, 113.5}</string>
										<key>nodeID</key>
										<string>09A3CDF5-C350-4589-BDD4-D949BE6021D9</string>
										<key>strokeColor</key>
										<string>{1.000, 0.742, 0.041, 1.000}</string>
										<key>strokeStyle</key>
										<integer>0</integer>
										<key>strokeWidth</key>
										<real>4</real>
										<key>subnodes</key>
										<array/>
										<key>title</key>
										<dict>
											<key>constrainedWidth</key>
											<integer>300</integer>
											<key>htmlText</key>
											<string>&lt;p style='color: rgba(91, 91, 91, 1.000000); font: 18px "PingFang SC"; -cocoa-font-postscriptname: "PingFangSC-Regular"; '&gt;进程一&lt;/p&gt;</string>
											<key>shrinkToFitContent</key>
											<integer>1</integer>
											<key>text</key>
											<string>{\rtf1\ansi\ansicpg936\cocoartf1404\cocoasubrtf110
{\fonttbl\f0\fnil\fcharset134 PingFangSC-Regular;}
{\colortbl;\red255\green255\blue255;\red91\green91\blue91;}
\pard\tx560\tx1120\tx1680\tx2240\tx2800\tx3360\tx3920\tx4480\tx5040\tx5600\tx6160\tx6720\pardirnatural\partightenfactor0

\f0\fs36 \cf2 \'bd\'f8\'b3\'cc\'d2\'bb}</string>
										</dict>
									</dict>
									<dict>
										<key>contentAlignment</key>
										<integer>1</integer>
										<key>fillColor</key>
										<string>{1.000, 1.000, 1.000, 1.000}</string>
										<key>isDecreasingBranchThickness</key>
										<true/>
										<key>isDrawingFill</key>
										<false/>
										<key>isLeftAligned</key>
										<true/>
										<key>location</key>
										<string>{-642, 154.5}</string>
										<key>nodeID</key>
										<string>617120DF-5F36-4BED-B1A4-54EA37F045A9</string>
										<key>strokeColor</key>
										<string>{1.000, 0.742, 0.041, 1.000}</string>
										<key>strokeStyle</key>
										<integer>0</integer>
										<key>strokeWidth</key>
										<real>4</real>
										<key>subnodes</key>
										<array/>
										<key>title</key>
										<dict>
											<key>constrainedWidth</key>
											<integer>300</integer>
											<key>htmlText</key>
											<string>&lt;p style='color: rgba(91, 91, 91, 1.000000); font: 18px "PingFang SC"; -cocoa-font-postscriptname: "PingFangSC-Regular"; '&gt;进程二&lt;/p&gt;</string>
											<key>shrinkToFitContent</key>
											<integer>1</integer>
											<key>text</key>
											<string>{\rtf1\ansi\ansicpg936\cocoartf1404\cocoasubrtf110
{\fonttbl\f0\fnil\fcharset134 PingFangSC-Regular;}
{\colortbl;\red255\green255\blue255;\red91\green91\blue91;}
\pard\tx560\tx1120\tx1680\tx2240\tx2800\tx3360\tx3920\tx4480\tx5040\tx5600\tx6160\tx6720\pardirnatural\partightenfactor0

\f0\fs36 \cf2 \'bd\'f8\'b3\'cc\'b6\'fe}</string>
										</dict>
									</dict>
								</array>
								<key>title</key>
								<dict>
									<key>constrainedWidth</key>
									<integer>300</integer>
									<key>htmlText</key>
									<string>&lt;p style='color: rgba(91, 91, 91, 1.000000); font: 18px "PingFang SC"; -cocoa-font-postscriptname: "PingFangSC-Regular"; '&gt;埃文斯：双过程理论&lt;/p&gt;</string>
									<key>shrinkToFitContent</key>
									<integer>1</integer>
									<key>text</key>
									<string>{\rtf1\ansi\ansicpg936\cocoartf1404\cocoasubrtf110
{\fonttbl\f0\fnil\fcharset134 PingFangSC-Regular;}
{\colortbl;\red255\green255\blue255;\red91\green91\blue91;}
\pard\tx560\tx1120\tx1680\tx2240\tx2800\tx3360\tx3920\tx4480\tx5040\tx5600\tx6160\tx6720\pardirnatural\partightenfactor0

\f0\fs36 \cf2 \'b0\'a3\'ce\'c4\'cb\'b9\'a3\'ba\'cb\'ab\'b9\'fd\'b3\'cc\'c0\'ed\'c2\'db}</string>
								</dict>
							</dict>
							<dict>
								<key>contentAlignment</key>
								<integer>1</integer>
								<key>fillColor</key>
								<string>{1.000, 1.000, 1.000, 1.000}</string>
								<key>isDecreasingBranchThickness</key>
								<true/>
								<key>isDrawingFill</key>
								<false/>
								<key>isLeftAligned</key>
								<true/>
								<key>location</key>
								<string>{-552, 298}</string>
								<key>nodeID</key>
								<string>FA8F3BD5-C38E-46BA-9068-767A72D719C4</string>
								<key>strokeColor</key>
								<string>{1.000, 0.742, 0.041, 1.000}</string>
								<key>strokeStyle</key>
								<integer>0</integer>
								<key>strokeWidth</key>
								<real>5</real>
								<key>subnodes</key>
								<array>
									<dict>
										<key>contentAlignment</key>
										<integer>1</integer>
										<key>fillColor</key>
										<string>{1.000, 1.000, 1.000, 1.000}</string>
										<key>isDecreasingBranchThickness</key>
										<true/>
										<key>isDrawingFill</key>
										<false/>
										<key>isLeftAligned</key>
										<true/>
										<key>location</key>
										<string>{-696, 195.5}</string>
										<key>nodeID</key>
										<string>88E1FDAE-1147-4036-8180-CFD9C8FB4E94</string>
										<key>strokeColor</key>
										<string>{1.000, 0.742, 0.041, 1.000}</string>
										<key>strokeStyle</key>
										<integer>0</integer>
										<key>strokeWidth</key>
										<real>4</real>
										<key>subnodes</key>
										<array/>
										<key>title</key>
										<dict>
											<key>constrainedWidth</key>
											<integer>300</integer>
											<key>htmlText</key>
											<string>&lt;p style='color: rgba(91, 91, 91, 1.000000); font: 18px "PingFang SC"; -cocoa-font-postscriptname: "PingFangSC-Regular"; '&gt;自主心智&lt;/p&gt;</string>
											<key>shrinkToFitContent</key>
											<integer>1</integer>
											<key>text</key>
											<string>{\rtf1\ansi\ansicpg936\cocoartf1404\cocoasubrtf110
{\fonttbl\f0\fnil\fcharset134 PingFangSC-Regular;}
{\colortbl;\red255\green255\blue255;\red91\green91\blue91;}
\pard\tx560\tx1120\tx1680\tx2240\tx2800\tx3360\tx3920\tx4480\tx5040\tx5600\tx6160\tx6720\pardirnatural\partightenfactor0

\f0\fs36 \cf2 \'d7\'d4\'d6\'f7\'d0\'c4\'d6\'c7}</string>
										</dict>
									</dict>
									<dict>
										<key>contentAlignment</key>
										<integer>1</integer>
										<key>fillColor</key>
										<string>{1.000, 1.000, 1.000, 1.000}</string>
										<key>isDecreasingBranchThickness</key>
										<true/>
										<key>isDrawingFill</key>
										<false/>
										<key>isLeftAligned</key>
										<true/>
										<key>location</key>
										<string>{-696, 298}</string>
										<key>nodeID</key>
										<string>97077A2B-B653-49EB-9534-384CE6292BB0</string>
										<key>strokeColor</key>
										<string>{1.000, 0.742, 0.041, 1.000}</string>
										<key>strokeStyle</key>
										<integer>0</integer>
										<key>strokeWidth</key>
										<real>4</real>
										<key>subnodes</key>
										<array>
											<dict>
												<key>contentAlignment</key>
												<integer>1</integer>
												<key>fillColor</key>
												<string>{1.000, 1.000, 1.000, 1.000}</string>
												<key>isDecreasingBranchThickness</key>
												<true/>
												<key>isDrawingFill</key>
												<false/>
												<key>isLeftAligned</key>
												<true/>
												<key>location</key>
												<string>{-850, 236.5}</string>
												<key>nodeID</key>
												<string>F9772928-D8AA-4DED-B18F-EBDC8E2CB7CB</string>
												<key>strokeColor</key>
												<string>{1.000, 0.742, 0.041, 1.000}</string>
												<key>strokeStyle</key>
												<integer>0</integer>
												<key>strokeWidth</key>
												<real>3</real>
												<key>subnodes</key>
												<array/>
												<key>title</key>
												<dict>
													<key>constrainedWidth</key>
													<integer>300</integer>
													<key>htmlText</key>
													<string>&lt;p style='color: rgba(91, 91, 91, 1.000000); font: 18px "PingFang SC"; -cocoa-font-postscriptname: "PingFangSC-Regular"; '&gt;CHC 理论&lt;/p&gt;</string>
													<key>shrinkToFitContent</key>
													<integer>1</integer>
													<key>text</key>
													<string>{\rtf1\ansi\ansicpg936\cocoartf1404\cocoasubrtf110
{\fonttbl\f0\fnil\fcharset134 PingFangSC-Regular;}
{\colortbl;\red255\green255\blue255;\red91\green91\blue91;}
\pard\tx560\tx1120\tx1680\tx2240\tx2800\tx3360\tx3920\tx4480\tx5040\tx5600\tx6160\tx6720\pardirnatural\partightenfactor0

\f0\fs36 \cf2 CHC \'c0\'ed\'c2\'db}</string>
												</dict>
											</dict>
											<dict>
												<key>contentAlignment</key>
												<integer>1</integer>
												<key>fillColor</key>
												<string>{1.000, 1.000, 1.000, 1.000}</string>
												<key>isDecreasingBranchThickness</key>
												<true/>
												<key>isDrawingFill</key>
												<false/>
												<key>isLeftAligned</key>
												<true/>
												<key>location</key>
												<string>{-840, 277.5}</string>
												<key>nodeID</key>
												<string>F1C84859-D641-484D-ACCA-7AF29E57DF0E</string>
												<key>strokeColor</key>
												<string>{1.000, 0.742, 0.041, 1.000}</string>
												<key>strokeStyle</key>
												<integer>0</integer>
												<key>strokeWidth</key>
												<real>3</real>
												<key>subnodes</key>
												<array/>
												<key>title</key>
												<dict>
													<key>constrainedWidth</key>
													<integer>300</integer>
													<key>htmlText</key>
													<string>&lt;p style='color: rgba(91, 91, 91, 1.000000); font: 18px "PingFang SC"; -cocoa-font-postscriptname: "PingFangSC-Regular"; '&gt;流体智力&lt;/p&gt;</string>
													<key>shrinkToFitContent</key>
													<integer>1</integer>
													<key>text</key>
													<string>{\rtf1\ansi\ansicpg936\cocoartf1404\cocoasubrtf110
{\fonttbl\f0\fnil\fcharset134 PingFangSC-Regular;}
{\colortbl;\red255\green255\blue255;\red91\green91\blue91;}
\pard\tx560\tx1120\tx1680\tx2240\tx2800\tx3360\tx3920\tx4480\tx5040\tx5600\tx6160\tx6720\pardirnatural\partightenfactor0

\f0\fs36 \cf2 \'c1\'f7\'cc\'e5\'d6\'c7\'c1\'a6}</string>
												</dict>
											</dict>
											<dict>
												<key>contentAlignment</key>
												<integer>1</integer>
												<key>fillColor</key>
												<string>{1.000, 1.000, 1.000, 1.000}</string>
												<key>isDecreasingBranchThickness</key>
												<true/>
												<key>isDrawingFill</key>
												<false/>
												<key>isLeftAligned</key>
												<true/>
												<key>location</key>
												<string>{-840, 318.5}</string>
												<key>nodeID</key>
												<string>903C12B8-7BD0-4DBC-A30E-883C8BB9E300</string>
												<key>strokeColor</key>
												<string>{1.000, 0.742, 0.041, 1.000}</string>
												<key>strokeStyle</key>
												<integer>0</integer>
												<key>strokeWidth</key>
												<real>3</real>
												<key>subnodes</key>
												<array/>
												<key>title</key>
												<dict>
													<key>constrainedWidth</key>
													<integer>300</integer>
													<key>htmlText</key>
													<string>&lt;p style='color: rgba(91, 91, 91, 1.000000); font: 18px "PingFang SC"; -cocoa-font-postscriptname: "PingFangSC-Regular"; '&gt;晶体智力&lt;/p&gt;</string>
													<key>shrinkToFitContent</key>
													<integer>1</integer>
													<key>text</key>
													<string>{\rtf1\ansi\ansicpg936\cocoartf1404\cocoasubrtf110
{\fonttbl\f0\fnil\fcharset134 PingFangSC-Regular;}
{\colortbl;\red255\green255\blue255;\red91\green91\blue91;}
\pard\tx560\tx1120\tx1680\tx2240\tx2800\tx3360\tx3920\tx4480\tx5040\tx5600\tx6160\tx6720\pardirnatural\partightenfactor0

\f0\fs36 \cf2 \'be\'a7\'cc\'e5\'d6\'c7\'c1\'a6}</string>
												</dict>
											</dict>
											<dict>
												<key>contentAlignment</key>
												<integer>1</integer>
												<key>fillColor</key>
												<string>{1.000, 1.000, 1.000, 1.000}</string>
												<key>isDecreasingBranchThickness</key>
												<true/>
												<key>isDrawingFill</key>
												<false/>
												<key>isLeftAligned</key>
												<true/>
												<key>location</key>
												<string>{-840, 359.5}</string>
												<key>nodeID</key>
												<string>CD440568-F740-4EC9-9A4A-AD2AC2578759</string>
												<key>strokeColor</key>
												<string>{1.000, 0.742, 0.041, 1.000}</string>
												<key>strokeStyle</key>
												<integer>0</integer>
												<key>strokeWidth</key>
												<real>3</real>
												<key>subnodes</key>
												<array/>
												<key>title</key>
												<dict>
													<key>constrainedWidth</key>
													<integer>300</integer>
													<key>htmlText</key>
													<string>&lt;p style='color: rgba(91, 91, 91, 1.000000); font: 18px "PingFang SC"; -cocoa-font-postscriptname: "PingFangSC-Regular"; '&gt;认知去耦&lt;/p&gt;</string>
													<key>shrinkToFitContent</key>
													<integer>1</integer>
													<key>text</key>
													<string>{\rtf1\ansi\ansicpg936\cocoartf1404\cocoasubrtf110
{\fonttbl\f0\fnil\fcharset134 PingFangSC-Regular;}
{\colortbl;\red255\green255\blue255;\red91\green91\blue91;}
\pard\tx560\tx1120\tx1680\tx2240\tx2800\tx3360\tx3920\tx4480\tx5040\tx5600\tx6160\tx6720\pardirnatural\partightenfactor0

\f0\fs36 \cf2 \'c8\'cf\'d6\'aa\'c8\'a5\'f1\'ee}</string>
												</dict>
											</dict>
										</array>
										<key>title</key>
										<dict>
											<key>constrainedWidth</key>
											<integer>300</integer>
											<key>htmlText</key>
											<string>&lt;p style='color: rgba(91, 91, 91, 1.000000); font: 18px "PingFang SC"; -cocoa-font-postscriptname: "PingFangSC-Regular"; '&gt;算法心智&lt;/p&gt;</string>
											<key>shrinkToFitContent</key>
											<integer>1</integer>
											<key>text</key>
											<string>{\rtf1\ansi\ansicpg936\cocoartf1404\cocoasubrtf110
{\fonttbl\f0\fnil\fcharset134 PingFangSC-Regular;}
{\colortbl;\red255\green255\blue255;\red91\green91\blue91;}
\pard\tx560\tx1120\tx1680\tx2240\tx2800\tx3360\tx3920\tx4480\tx5040\tx5600\tx6160\tx6720\pardirnatural\partightenfactor0

\f0\fs36 \cf2 \'cb\'e3\'b7\'a8\'d0\'c4\'d6\'c7}</string>
										</dict>
									</dict>
									<dict>
										<key>contentAlignment</key>
										<integer>1</integer>
										<key>fillColor</key>
										<string>{1.000, 1.000, 1.000, 1.000}</string>
										<key>isDecreasingBranchThickness</key>
										<true/>
										<key>isDrawingFill</key>
										<false/>
										<key>isLeftAligned</key>
										<true/>
										<key>location</key>
										<string>{-696, 400.5}</string>
										<key>nodeID</key>
										<string>C319DA5D-5607-4270-B26B-A9D7D75C319C</string>
										<key>strokeColor</key>
										<string>{1.000, 0.742, 0.041, 1.000}</string>
										<key>strokeStyle</key>
										<integer>0</integer>
										<key>strokeWidth</key>
										<real>4</real>
										<key>subnodes</key>
										<array/>
										<key>title</key>
										<dict>
											<key>constrainedWidth</key>
											<integer>300</integer>
											<key>htmlText</key>
											<string>&lt;p style='color: rgba(91, 91, 91, 1.000000); font: 18px "PingFang SC"; -cocoa-font-postscriptname: "PingFangSC-Regular"; '&gt;反省心智&lt;/p&gt;</string>
											<key>shrinkToFitContent</key>
											<integer>1</integer>
											<key>text</key>
											<string>{\rtf1\ansi\ansicpg936\cocoartf1404\cocoasubrtf110
{\fonttbl\f0\fnil\fcharset134 PingFangSC-Regular;}
{\colortbl;\red255\green255\blue255;\red91\green91\blue91;}
\pard\tx560\tx1120\tx1680\tx2240\tx2800\tx3360\tx3920\tx4480\tx5040\tx5600\tx6160\tx6720\pardirnatural\partightenfactor0

\f0\fs36 \cf2 \'b7\'b4\'ca\'a1\'d0\'c4\'d6\'c7}</string>
										</dict>
									</dict>
								</array>
								<key>title</key>
								<dict>
									<key>constrainedWidth</key>
									<integer>300</integer>
									<key>htmlText</key>
									<string>&lt;p style='color: rgba(91, 91, 91, 1.000000); font: 18px "PingFang SC"; -cocoa-font-postscriptname: "PingFangSC-Regular"; '&gt;斯坦诺维奇三重心智模型&lt;/p&gt;</string>
									<key>shrinkToFitContent</key>
									<integer>1</integer>
									<key>text</key>
									<string>{\rtf1\ansi\ansicpg936\cocoartf1404\cocoasubrtf110
{\fonttbl\f0\fnil\fcharset134 PingFangSC-Regular;}
{\colortbl;\red255\green255\blue255;\red91\green91\blue91;}
\pard\tx560\tx1120\tx1680\tx2240\tx2800\tx3360\tx3920\tx4480\tx5040\tx5600\tx6160\tx6720\pardirnatural\partightenfactor0

\f0\fs36 \cf2 \'cb\'b9\'cc\'b9\'c5\'b5\'ce\'ac\'c6\'e6\'c8\'fd\'d6\'d8\'d0\'c4\'d6\'c7\'c4\'a3\'d0\'cd}</string>
								</dict>
							</dict>
							<dict>
								<key>contentAlignment</key>
								<integer>1</integer>
								<key>fillColor</key>
								<string>{1.000, 1.000, 1.000, 1.000}</string>
								<key>isDecreasingBranchThickness</key>
								<true/>
								<key>isDrawingFill</key>
								<false/>
								<key>isLeftAligned</key>
								<true/>
								<key>location</key>
								<string>{-462, 441.5}</string>
								<key>nodeID</key>
								<string>F03323D4-FE72-430E-86A0-2AE35E514157</string>
								<key>strokeColor</key>
								<string>{1.000, 0.742, 0.041, 1.000}</string>
								<key>strokeStyle</key>
								<integer>0</integer>
								<key>strokeWidth</key>
								<real>5</real>
								<key>subnodes</key>
								<array/>
								<key>title</key>
								<dict>
									<key>constrainedWidth</key>
									<integer>300</integer>
									<key>htmlText</key>
									<string>&lt;p style='color: rgba(91, 91, 91, 1.000000); font: 18px "PingFang SC"; -cocoa-font-postscriptname: "PingFangSC-Regular"; '&gt;传统写作方法&lt;/p&gt;</string>
									<key>shrinkToFitContent</key>
									<integer>1</integer>
									<key>text</key>
									<string>{\rtf1\ansi\ansicpg936\cocoartf1404\cocoasubrtf110
{\fonttbl\f0\fnil\fcharset134 PingFangSC-Regular;}
{\colortbl;\red255\green255\blue255;\red91\green91\blue91;}
\pard\tx560\tx1120\tx1680\tx2240\tx2800\tx3360\tx3920\tx4480\tx5040\tx5600\tx6160\tx6720\pardirnatural\partightenfactor0

\f0\fs36 \cf2 \'b4\'ab\'cd\'b3\'d0\'b4\'d7\'f7\'b7\'bd\'b7\'a8}</string>
								</dict>
							</dict>
							<dict>
								<key>contentAlignment</key>
								<integer>1</integer>
								<key>fillColor</key>
								<string>{1.000, 1.000, 1.000, 1.000}</string>
								<key>isDecreasingBranchThickness</key>
								<true/>
								<key>isDrawingFill</key>
								<false/>
								<key>isLeftAligned</key>
								<true/>
								<key>location</key>
								<string>{-394, 482.5}</string>
								<key>nodeID</key>
								<string>37350BD5-41BB-4FF6-A0F6-A88163D2A79B</string>
								<key>strokeColor</key>
								<string>{1.000, 0.742, 0.041, 1.000}</string>
								<key>strokeStyle</key>
								<integer>0</integer>
								<key>strokeWidth</key>
								<real>5</real>
								<key>subnodes</key>
								<array/>
								<key>title</key>
								<dict>
									<key>constrainedWidth</key>
									<integer>300</integer>
									<key>htmlText</key>
									<string>&lt;p style='color: rgba(91, 91, 91, 1.000000); font: 18px "PingFang SC"; -cocoa-font-postscriptname: "PingFangSC-Regular"; '&gt;文气&lt;/p&gt;</string>
									<key>shrinkToFitContent</key>
									<integer>1</integer>
									<key>text</key>
									<string>{\rtf1\ansi\ansicpg936\cocoartf1404\cocoasubrtf110
{\fonttbl\f0\fnil\fcharset134 PingFangSC-Regular;}
{\colortbl;\red255\green255\blue255;\red91\green91\blue91;}
\pard\tx560\tx1120\tx1680\tx2240\tx2800\tx3360\tx3920\tx4480\tx5040\tx5600\tx6160\tx6720\pardirnatural\partightenfactor0

\f0\fs36 \cf2 \'ce\'c4\'c6\'f8}</string>
								</dict>
							</dict>
						</array>
						<key>title</key>
						<dict>
							<key>constrainedWidth</key>
							<integer>300</integer>
							<key>htmlText</key>
							<string>&lt;p style='color: rgba(91, 91, 91, 1.000000); font: 18px "PingFang SC"; -cocoa-font-postscriptname: "PingFangSC-Regular"; '&gt;第三节：气盛则言辞皆宜  &lt;/p&gt;</string>
							<key>shrinkToFitContent</key>
							<integer>1</integer>
							<key>text</key>
							<string>{\rtf1\ansi\ansicpg936\cocoartf1404\cocoasubrtf110
{\fonttbl\f0\fnil\fcharset134 PingFangSC-Regular;}
{\colortbl;\red255\green255\blue255;\red91\green91\blue91;}
\pard\tx560\tx1120\tx1680\tx2240\tx2800\tx3360\tx3920\tx4480\tx5040\tx5600\tx6160\tx6720\pardirnatural\partightenfactor0

\f0\fs36 \cf2 \'b5\'da\'c8\'fd\'bd\'da\'a3\'ba\'c6\'f8\'ca\'a2\'d4\'f2\'d1\'d4\'b4\'c7\'bd\'d4\'d2\'cb  }</string>
						</dict>
					</dict>
					<dict>
						<key>contentAlignment</key>
						<integer>1</integer>
						<key>fillColor</key>
						<string>{1.000, 1.000, 1.000, 1.000}</string>
						<key>isDecreasingBranchThickness</key>
						<true/>
						<key>isDrawingFill</key>
						<false/>
						<key>isLeftAligned</key>
						<false/>
						<key>location</key>
						<string>{258, 130.5}</string>
						<key>nodeID</key>
						<string>2B0FDF7F-8383-4E92-B9A8-8FF1A3E6434F</string>
						<key>strokeColor</key>
						<string>{0.144, 0.670, 1.000, 1.000}</string>
						<key>strokeStyle</key>
						<integer>0</integer>
						<key>strokeWidth</key>
						<real>6</real>
						<key>subnodes</key>
						<array>
							<dict>
								<key>contentAlignment</key>
								<integer>1</integer>
								<key>fillColor</key>
								<string>{1.000, 1.000, 1.000, 1.000}</string>
								<key>isDecreasingBranchThickness</key>
								<true/>
								<key>isDrawingFill</key>
								<false/>
								<key>isLeftAligned</key>
								<false/>
								<key>location</key>
								<string>{474, -33.5}</string>
								<key>nodeID</key>
								<string>552CF89C-9BD2-4B4D-B001-A561364FA4B9</string>
								<key>strokeColor</key>
								<string>{0.144, 0.670, 1.000, 1.000}</string>
								<key>strokeStyle</key>
								<integer>0</integer>
								<key>strokeWidth</key>
								<real>5</real>
								<key>subnodes</key>
								<array/>
								<key>title</key>
								<dict>
									<key>constrainedWidth</key>
									<integer>300</integer>
									<key>htmlText</key>
									<string>&lt;p style='color: rgba(91, 91, 91, 1.000000); font: 18px "PingFang SC"; -cocoa-font-postscriptname: "PingFangSC-Regular"; '&gt;中国文论路线&lt;/p&gt;</string>
									<key>shrinkToFitContent</key>
									<integer>1</integer>
									<key>text</key>
									<string>{\rtf1\ansi\ansicpg936\cocoartf1404\cocoasubrtf110
{\fonttbl\f0\fnil\fcharset134 PingFangSC-Regular;}
{\colortbl;\red255\green255\blue255;\red91\green91\blue91;}
\pard\tx560\tx1120\tx1680\tx2240\tx2800\tx3360\tx3920\tx4480\tx5040\tx5600\tx6160\tx6720\pardirnatural\partightenfactor0

\f0\fs36 \cf2 \'d6\'d0\'b9\'fa\'ce\'c4\'c2\'db\'c2\'b7\'cf\'df}</string>
								</dict>
							</dict>
							<dict>
								<key>contentAlignment</key>
								<integer>1</integer>
								<key>fillColor</key>
								<string>{1.000, 1.000, 1.000, 1.000}</string>
								<key>isDecreasingBranchThickness</key>
								<true/>
								<key>isDrawingFill</key>
								<false/>
								<key>isLeftAligned</key>
								<false/>
								<key>location</key>
								<string>{474, 7.5}</string>
								<key>nodeID</key>
								<string>5454DA1B-8FEA-4B8D-A1F2-E78FEE3A3145</string>
								<key>strokeColor</key>
								<string>{0.144, 0.670, 1.000, 1.000}</string>
								<key>strokeStyle</key>
								<integer>0</integer>
								<key>strokeWidth</key>
								<real>5</real>
								<key>subnodes</key>
								<array/>
								<key>title</key>
								<dict>
									<key>constrainedWidth</key>
									<integer>300</integer>
									<key>htmlText</key>
									<string>&lt;p style='color: rgba(91, 91, 91, 1.000000); font: 18px "PingFang SC"; -cocoa-font-postscriptname: "PingFangSC-Regular"; '&gt;西方文论路线&lt;/p&gt;</string>
									<key>shrinkToFitContent</key>
									<integer>1</integer>
									<key>text</key>
									<string>{\rtf1\ansi\ansicpg936\cocoartf1404\cocoasubrtf110
{\fonttbl\f0\fnil\fcharset134 PingFangSC-Regular;}
{\colortbl;\red255\green255\blue255;\red91\green91\blue91;}
\pard\tx560\tx1120\tx1680\tx2240\tx2800\tx3360\tx3920\tx4480\tx5040\tx5600\tx6160\tx6720\pardirnatural\partightenfactor0

\f0\fs36 \cf2 \'ce\'f7\'b7\'bd\'ce\'c4\'c2\'db\'c2\'b7\'cf\'df}</string>
								</dict>
							</dict>
							<dict>
								<key>contentAlignment</key>
								<integer>1</integer>
								<key>fillColor</key>
								<string>{1.000, 1.000, 1.000, 1.000}</string>
								<key>isDecreasingBranchThickness</key>
								<true/>
								<key>isDrawingFill</key>
								<false/>
								<key>isLeftAligned</key>
								<false/>
								<key>location</key>
								<string>{474, 110}</string>
								<key>nodeID</key>
								<string>1F38D8AA-DC0E-4F24-B2C4-9313F6B7D69D</string>
								<key>strokeColor</key>
								<string>{0.144, 0.670, 1.000, 1.000}</string>
								<key>strokeStyle</key>
								<integer>0</integer>
								<key>strokeWidth</key>
								<real>5</real>
								<key>subnodes</key>
								<array>
									<dict>
										<key>contentAlignment</key>
										<integer>1</integer>
										<key>fillColor</key>
										<string>{1.000, 1.000, 1.000, 1.000}</string>
										<key>isDecreasingBranchThickness</key>
										<true/>
										<key>isDrawingFill</key>
										<false/>
										<key>isLeftAligned</key>
										<false/>
										<key>location</key>
										<string>{816, 48.5}</string>
										<key>nodeID</key>
										<string>7499B4B9-783E-4C5C-8C8E-40FFD78AA392</string>
										<key>strokeColor</key>
										<string>{0.144, 0.670, 1.000, 1.000}</string>
										<key>strokeStyle</key>
										<integer>0</integer>
										<key>strokeWidth</key>
										<real>4</real>
										<key>subnodes</key>
										<array/>
										<key>title</key>
										<dict>
											<key>constrainedWidth</key>
											<integer>300</integer>
											<key>htmlText</key>
											<string>&lt;p style='color: rgba(91, 91, 91, 1.000000); font: 18px "PingFang SC"; -cocoa-font-postscriptname: "PingFangSC-Regular"; '&gt;1）达尔文心智&lt;/p&gt;</string>
											<key>shrinkToFitContent</key>
											<integer>1</integer>
											<key>text</key>
											<string>{\rtf1\ansi\ansicpg936\cocoartf1404\cocoasubrtf110
{\fonttbl\f0\fnil\fcharset134 PingFangSC-Regular;}
{\colortbl;\red255\green255\blue255;\red91\green91\blue91;}
\pard\tx560\tx1120\tx1680\tx2240\tx2800\tx3360\tx3920\tx4480\tx5040\tx5600\tx6160\tx6720\pardirnatural\partightenfactor0

\f0\fs36 \cf2 1\'a3\'a9\'b4\'ef\'b6\'fb\'ce\'c4\'d0\'c4\'d6\'c7}</string>
										</dict>
									</dict>
									<dict>
										<key>contentAlignment</key>
										<integer>1</integer>
										<key>fillColor</key>
										<string>{1.000, 1.000, 1.000, 1.000}</string>
										<key>isDecreasingBranchThickness</key>
										<true/>
										<key>isDrawingFill</key>
										<false/>
										<key>isLeftAligned</key>
										<false/>
										<key>location</key>
										<string>{816, 89.5}</string>
										<key>nodeID</key>
										<string>0F5D19BD-56AA-4B5F-B6A9-BA90BCBA94C3</string>
										<key>strokeColor</key>
										<string>{0.144, 0.670, 1.000, 1.000}</string>
										<key>strokeStyle</key>
										<integer>0</integer>
										<key>strokeWidth</key>
										<real>4</real>
										<key>subnodes</key>
										<array/>
										<key>title</key>
										<dict>
											<key>constrainedWidth</key>
											<integer>300</integer>
											<key>htmlText</key>
											<string>&lt;p style='color: rgba(91, 91, 91, 1.000000); font: 18px "PingFang SC"; -cocoa-font-postscriptname: "PingFangSC-Regular"; '&gt;2）斯金纳心智&lt;/p&gt;</string>
											<key>shrinkToFitContent</key>
											<integer>1</integer>
											<key>text</key>
											<string>{\rtf1\ansi\ansicpg936\cocoartf1404\cocoasubrtf110
{\fonttbl\f0\fnil\fcharset134 PingFangSC-Regular;}
{\colortbl;\red255\green255\blue255;\red91\green91\blue91;}
\pard\tx560\tx1120\tx1680\tx2240\tx2800\tx3360\tx3920\tx4480\tx5040\tx5600\tx6160\tx6720\pardirnatural\partightenfactor0

\f0\fs36 \cf2 2\'a3\'a9\'cb\'b9\'bd\'f0\'c4\'c9\'d0\'c4\'d6\'c7}</string>
										</dict>
									</dict>
									<dict>
										<key>contentAlignment</key>
										<integer>1</integer>
										<key>fillColor</key>
										<string>{1.000, 1.000, 1.000, 1.000}</string>
										<key>isDecreasingBranchThickness</key>
										<true/>
										<key>isDrawingFill</key>
										<false/>
										<key>isLeftAligned</key>
										<false/>
										<key>location</key>
										<string>{816, 130.5}</string>
										<key>nodeID</key>
										<string>144D90E6-A1C0-4671-8A39-53D4EB6750AF</string>
										<key>strokeColor</key>
										<string>{0.144, 0.670, 1.000, 1.000}</string>
										<key>strokeStyle</key>
										<integer>0</integer>
										<key>strokeWidth</key>
										<real>4</real>
										<key>subnodes</key>
										<array/>
										<key>title</key>
										<dict>
											<key>constrainedWidth</key>
											<integer>300</integer>
											<key>htmlText</key>
											<string>&lt;p style='color: rgba(91, 91, 91, 1.000000); font: 18px "PingFang SC"; -cocoa-font-postscriptname: "PingFangSC-Regular"; '&gt;3）波普尔心智&lt;/p&gt;</string>
											<key>shrinkToFitContent</key>
											<integer>1</integer>
											<key>text</key>
											<string>{\rtf1\ansi\ansicpg936\cocoartf1404\cocoasubrtf110
{\fonttbl\f0\fnil\fcharset134 PingFangSC-Regular;}
{\colortbl;\red255\green255\blue255;\red91\green91\blue91;}
\pard\tx560\tx1120\tx1680\tx2240\tx2800\tx3360\tx3920\tx4480\tx5040\tx5600\tx6160\tx6720\pardirnatural\partightenfactor0

\f0\fs36 \cf2 3\'a3\'a9\'b2\'a8\'c6\'d5\'b6\'fb\'d0\'c4\'d6\'c7}</string>
										</dict>
									</dict>
									<dict>
										<key>contentAlignment</key>
										<integer>1</integer>
										<key>fillColor</key>
										<string>{1.000, 1.000, 1.000, 1.000}</string>
										<key>isDecreasingBranchThickness</key>
										<true/>
										<key>isDrawingFill</key>
										<false/>
										<key>isLeftAligned</key>
										<false/>
										<key>location</key>
										<string>{816, 171.5}</string>
										<key>nodeID</key>
										<string>063B9D03-9BE3-4A17-B6AA-2CFB934A9E4B</string>
										<key>strokeColor</key>
										<string>{0.144, 0.670, 1.000, 1.000}</string>
										<key>strokeStyle</key>
										<integer>0</integer>
										<key>strokeWidth</key>
										<real>4</real>
										<key>subnodes</key>
										<array/>
										<key>title</key>
										<dict>
											<key>constrainedWidth</key>
											<integer>300</integer>
											<key>htmlText</key>
											<string>&lt;p style='color: rgba(91, 91, 91, 1.000000); font: 18px "PingFang SC"; -cocoa-font-postscriptname: "PingFangSC-Regular"; '&gt;4）格列高利心智&lt;/p&gt;</string>
											<key>shrinkToFitContent</key>
											<integer>1</integer>
											<key>text</key>
											<string>{\rtf1\ansi\ansicpg936\cocoartf1404\cocoasubrtf110
{\fonttbl\f0\fnil\fcharset134 PingFangSC-Regular;}
{\colortbl;\red255\green255\blue255;\red91\green91\blue91;}
\pard\tx560\tx1120\tx1680\tx2240\tx2800\tx3360\tx3920\tx4480\tx5040\tx5600\tx6160\tx6720\pardirnatural\partightenfactor0

\f0\fs36 \cf2 4\'a3\'a9\'b8\'f1\'c1\'d0\'b8\'df\'c0\'fb\'d0\'c4\'d6\'c7}</string>
										</dict>
									</dict>
								</array>
								<key>title</key>
								<dict>
									<key>constrainedWidth</key>
									<integer>300</integer>
									<key>htmlText</key>
									<string>&lt;p style='color: rgba(91, 91, 91, 1.000000); font: 18px "PingFang SC"; -cocoa-font-postscriptname: "PingFangSC-Regular"; '&gt;丹尼特四层心智（《心灵种种》）&lt;/p&gt;</string>
									<key>shrinkToFitContent</key>
									<integer>1</integer>
									<key>text</key>
									<string>{\rtf1\ansi\ansicpg936\cocoartf1404\cocoasubrtf110
{\fonttbl\f0\fnil\fcharset134 PingFangSC-Regular;}
{\colortbl;\red255\green255\blue255;\red91\green91\blue91;}
\pard\tx560\tx1120\tx1680\tx2240\tx2800\tx3360\tx3920\tx4480\tx5040\tx5600\tx6160\tx6720\pardirnatural\partightenfactor0

\f0\fs36 \cf2 \'b5\'a4\'c4\'e1\'cc\'d8\'cb\'c4\'b2\'e3\'d0\'c4\'d6\'c7\'a3\'a8\'a1\'b6\'d0\'c4\'c1\'e9\'d6\'d6\'d6\'d6\'a1\'b7\'a3\'a9}</string>
								</dict>
							</dict>
							<dict>
								<key>contentAlignment</key>
								<integer>1</integer>
								<key>fillColor</key>
								<string>{1.000, 1.000, 1.000, 1.000}</string>
								<key>isDecreasingBranchThickness</key>
								<true/>
								<key>isDrawingFill</key>
								<false/>
								<key>isLeftAligned</key>
								<false/>
								<key>location</key>
								<string>{474, 212.5}</string>
								<key>nodeID</key>
								<string>B7EE1E20-88CA-4075-8452-16B125D966F3</string>
								<key>strokeColor</key>
								<string>{0.144, 0.670, 1.000, 1.000}</string>
								<key>strokeStyle</key>
								<integer>0</integer>
								<key>strokeWidth</key>
								<real>5</real>
								<key>subnodes</key>
								<array/>
								<key>title</key>
								<dict>
									<key>constrainedWidth</key>
									<integer>300</integer>
									<key>htmlText</key>
									<string>&lt;p style='color: rgba(91, 91, 91, 1.000000); font: 18px "PingFang SC"; -cocoa-font-postscriptname: "PingFangSC-Regular"; '&gt;集体潜意识&lt;/p&gt;</string>
									<key>shrinkToFitContent</key>
									<integer>1</integer>
									<key>text</key>
									<string>{\rtf1\ansi\ansicpg936\cocoartf1404\cocoasubrtf110
{\fonttbl\f0\fnil\fcharset134 PingFangSC-Regular;}
{\colortbl;\red255\green255\blue255;\red91\green91\blue91;}
\pard\tx560\tx1120\tx1680\tx2240\tx2800\tx3360\tx3920\tx4480\tx5040\tx5600\tx6160\tx6720\pardirnatural\partightenfactor0

\f0\fs36 \cf2 \'bc\'af\'cc\'e5\'c7\'b1\'d2\'e2\'ca\'b6}</string>
								</dict>
							</dict>
							<dict>
								<key>contentAlignment</key>
								<integer>1</integer>
								<key>fillColor</key>
								<string>{1.000, 1.000, 1.000, 1.000}</string>
								<key>isDecreasingBranchThickness</key>
								<true/>
								<key>isDrawingFill</key>
								<false/>
								<key>isLeftAligned</key>
								<false/>
								<key>location</key>
								<string>{474, 253.5}</string>
								<key>nodeID</key>
								<string>11732BB0-D1B6-4931-A748-93CB999E76AB</string>
								<key>strokeColor</key>
								<string>{0.144, 0.670, 1.000, 1.000}</string>
								<key>strokeStyle</key>
								<integer>0</integer>
								<key>strokeWidth</key>
								<real>5</real>
								<key>subnodes</key>
								<array/>
								<key>title</key>
								<dict>
									<key>constrainedWidth</key>
									<integer>300</integer>
									<key>htmlText</key>
									<string>&lt;p style='color: rgba(91, 91, 91, 1.000000); font: 18px "PingFang SC"; -cocoa-font-postscriptname: "PingFangSC-Regular"; '&gt;基因与模因  &lt;/p&gt;</string>
									<key>shrinkToFitContent</key>
									<integer>1</integer>
									<key>text</key>
									<string>{\rtf1\ansi\ansicpg936\cocoartf1404\cocoasubrtf110
{\fonttbl\f0\fnil\fcharset134 PingFangSC-Regular;}
{\colortbl;\red255\green255\blue255;\red91\green91\blue91;}
\pard\tx560\tx1120\tx1680\tx2240\tx2800\tx3360\tx3920\tx4480\tx5040\tx5600\tx6160\tx6720\pardirnatural\partightenfactor0

\f0\fs36 \cf2 \'bb\'f9\'d2\'f2\'d3\'eb\'c4\'a3\'d2\'f2  }</string>
								</dict>
							</dict>
							<dict>
								<key>contentAlignment</key>
								<integer>1</integer>
								<key>fillColor</key>
								<string>{1.000, 1.000, 1.000, 1.000}</string>
								<key>isDecreasingBranchThickness</key>
								<true/>
								<key>isDrawingFill</key>
								<false/>
								<key>isLeftAligned</key>
								<false/>
								<key>location</key>
								<string>{474, 294.5}</string>
								<key>nodeID</key>
								<string>D4B958C2-5661-4910-8CB1-F4A822C1A3BE</string>
								<key>strokeColor</key>
								<string>{0.144, 0.670, 1.000, 1.000}</string>
								<key>strokeStyle</key>
								<integer>0</integer>
								<key>strokeWidth</key>
								<real>5</real>
								<key>subnodes</key>
								<array/>
								<key>title</key>
								<dict>
									<key>constrainedWidth</key>
									<integer>300</integer>
									<key>htmlText</key>
									<string>&lt;p style='color: rgba(91, 91, 91, 1.000000); font: 18px "PingFang SC"; -cocoa-font-postscriptname: "PingFangSC-Regular"; '&gt;镜像神经元 &amp;amp; 社会脑&lt;/p&gt;</string>
									<key>shrinkToFitContent</key>
									<integer>1</integer>
									<key>text</key>
									<string>{\rtf1\ansi\ansicpg936\cocoartf1404\cocoasubrtf110
{\fonttbl\f0\fnil\fcharset134 PingFangSC-Regular;}
{\colortbl;\red255\green255\blue255;\red91\green91\blue91;}
\pard\tx560\tx1120\tx1680\tx2240\tx2800\tx3360\tx3920\tx4480\tx5040\tx5600\tx6160\tx6720\pardirnatural\partightenfactor0

\f0\fs36 \cf2 \'be\'b5\'cf\'f1\'c9\'f1\'be\'ad\'d4\'aa &amp; \'c9\'e7\'bb\'e1\'c4\'d4}</string>
								</dict>
							</dict>
						</array>
						<key>title</key>
						<dict>
							<key>constrainedWidth</key>
							<integer>300</integer>
							<key>htmlText</key>
							<string>&lt;p style='color: rgba(91, 91, 91, 1.000000); font: 18px "PingFang SC"; -cocoa-font-postscriptname: "PingFangSC-Regular"; '&gt;第二节：心灵种种&lt;/p&gt;</string>
							<key>shrinkToFitContent</key>
							<integer>1</integer>
							<key>text</key>
							<string>{\rtf1\ansi\ansicpg936\cocoartf1404\cocoasubrtf110
{\fonttbl\f0\fnil\fcharset134 PingFangSC-Regular;}
{\colortbl;\red255\green255\blue255;\red91\green91\blue91;}
\pard\tx560\tx1120\tx1680\tx2240\tx2800\tx3360\tx3920\tx4480\tx5040\tx5600\tx6160\tx6720\pardirnatural\partightenfactor0

\f0\fs36 \cf2 \'b5\'da\'b6\'fe\'bd\'da\'a3\'ba\'d0\'c4\'c1\'e9\'d6\'d6\'d6\'d6}</string>
						</dict>
					</dict>
				</array>
				<key>title</key>
				<dict>
					<key>constrainedWidth</key>
					<integer>300</integer>
					<key>htmlText</key>
					<string>&lt;p style='color: rgba(21, 122, 150, 1.000000); font: 21px "PingFang SC"; text-align: left; -cocoa-font-postscriptname: "PingFangSC-Light"; '&gt;第一讲：写作之难&lt;/p&gt;</string>
					<key>shrinkToFitContent</key>
					<integer>1</integer>
					<key>text</key>
					<string>{\rtf1\ansi\ansicpg936\cocoartf1404\cocoasubrtf110
{\fonttbl\f0\fnil\fcharset134 PingFangSC-Light;}
{\colortbl;\red255\green255\blue255;\red22\green123\blue151;}
\pard\tx560\tx1120\tx1680\tx2240\tx2800\tx3360\tx3920\tx4480\tx5040\tx5600\tx6160\tx6720\pardirnatural\partightenfactor0

\f0\fs42 \cf2 \'b5\'da\'d2\'bb\'bd\'b2\'a3\'ba\'d0\'b4\'d7\'f7\'d6\'ae\'c4\'d1}</string>
				</dict>
			</dict>
		</array>
	</dict>
	<key>printInfo</key>
	<data>
	BAtzdHJlYW10eXBlZIHoA4QBQISEhAtOU1ByaW50SW5mbwGEhAhOU09iamVjdACFkoSE
	hBNOU011dGFibGVEaWN0aW9uYXJ5AISEDE5TRGljdGlvbmFyeQCUhAFpCJKEhIQITlNT
	dHJpbmcBlIQBKxZOU0hvcml6b250YWxseUNlbnRlcmVkhpKEhIQITlNOdW1iZXIAhIQH
	TlNWYWx1ZQCUhAEqhIQBY50BhpKEmZkNTlNSaWdodE1hcmdpboaShJuchIQBZp5IhpKE
	mZkMTlNMZWZ0TWFyZ2luhpKfkoSZmRVOU0hvcml6b25hbFBhZ2luYXRpb26GkoSbnISX
	lwKGkoSZmRROU1ZlcnRpY2FsUGFnaW5hdGlvboaShJucpJcAhpKEmZkUTlNWZXJ0aWNh
	bGx5Q2VudGVyZWSGkpqShJmZC05TVG9wTWFyZ2luhpKEm5ygnlqGkoSZmQ5OU0JvdHRv
	bU1hcmdpboaSqYaG
	</data>
	<key>title</key>
	<string>第一讲：写作之难</string>
	<key>version</key>
	<integer>4</integer>
</dict>
</plist>
